epoch_idx	precision@5	recall@5	ndcg@5	precision@10	recall@10	ndcg@10
10.0	0.22281880676746368	0.04987833648920059	0.23264243523844014	0.2024608552455902	0.0854371190071106	0.2202949000790327
